Income,Lot_Size,Ownership
-0.9829428618320989,0.9214665248885773,0
-0.6631684742490132,-1.2627504229954558,0
-0.5614220781998495,0.9214665248885773,1
-0.4015348844083068,-0.716696186024448,0
-1.2445764516728053,-1.0807323440051204,0
-1.1573652550592362,-0.5346781070341109,0
-1.0701540584456675,1.4675207618595851,1
0.6740698738257086,2.19559307782093,1
